{"cameraMode":{"drawMode":0,"name":"Shaded","section":"Shading Mode"},"sceneLighting":true,"audioPlay":false,"sceneViewState":{"showFog":true,"showMaterialUpdate":false,"showSkybox":true,"showFlares":true,"showImageEffects":true,"showParticleSystems":true},"in2DMode":false,"pivot":{"x":-6.097769737243652,"y":-0.8811920285224915,"z":-60.04053497314453},"rotation":{"x":0.007499896455556154,"y":-0.0029999113176018,"z":0.000022499756596516818,"w":0.9999673962593079},"size":1277.4085693359375,"orthographic":false}